danceability,energy,key,loudness,mode,speechiness,acousticness,instrumentalness,liveness,valence,tempo,time_signature,liked,duration_s
0.8247549019607845,0.6256038647342995,0.6363636363636364,0.8890920475892298,0.0,0.038852010933229215,0.4532646557358795,0.0007574819401444788,0.11151858643107186,0.6273949401926537,0.29864430818003584,0.75,0,0.39328212314665834
0.7745098039215688,0.7051127214170693,0.9090909090909092,0.8593613024420789,0.0,0.5431472081218275,0.20703274517575154,0.0,0.09684947491248543,0.5120143961045834,0.7605055687648605,0.75,1,0.29406930675939863
0.16053921568627452,0.012580515297906603,0.09090909090909091,0.3690169067000627,1.0,0.027528309254197587,0.9969849153808964,0.9256965944272447,0.11485247541256875,0.0030697575950037054,0.12618362324281485,0.75,0,0.36294181761561223
0.7254901960784315,0.7383252818035426,0.2727272727272727,0.883331246086412,0.0,0.05993752440452949,0.43316409160852204,1.217750257997936e-06,0.1498583097182864,0.5787022335132845,0.2476869811871688,0.75,1,0.22788014048199856
0.8051470588235295,0.573268921095008,0.09090909090909091,0.8702567313713212,1.0,0.3791487700117142,0.14572602458731154,0.0,0.07034505750958493,0.6475071451254366,0.7921077879280856,0.75,1,0.17683085067732396
0.7941176470588236,0.6336553945249598,0.7272727272727273,0.8978334376956794,1.0,0.18976962124170246,0.040600074201232475,0.0,0.09684947491248543,0.8380438234360114,0.6739248321027822,0.75,1,0.25401982664659783
0.6568627450980393,0.590378421900161,0.0,0.8479899812147778,0.0,0.5782897305739946,0.5577875891981378,0.0,0.13485580930155028,0.7840584312480152,0.12349726775956282,0.75,1,0.11911558623553226
0.9705882352941179,0.714170692431562,0.6363636363636364,0.9076268002504696,1.0,0.279578289730574,0.07828863194002755,4.0866873065015484e-05,0.23653942323720623,0.9195511802688684,0.3736954073332498,0.75,1,0.14635905953184203
0.8137254901960785,0.660829307568438,0.6363636363636364,0.8816030056355666,0.0,0.042951971885982036,0.1437159681745758,0.0023116615067079464,0.10218369728288047,0.2886630676405208,0.43255328911692315,0.75,0,0.2945571875919102
0.886029411764706,0.6698872785829308,0.2727272727272727,0.8833061991233563,1.0,0.8184303006638033,0.2643193529387201,0.0,0.11818636439406567,0.7512437810945274,0.816118132899512,0.75,1,0.15252331274545422
0.204656862745098,0.9969806763285024,0.8181818181818182,0.8788478396994364,1.0,0.17610308473252634,5.381926045099938e-05,0.7946336429308566,0.07251208534755794,0.15105324441621676,0.5633170650314936,0.75,0,0.18204529333402536
0.8406862745098039,0.4333735909822866,0.09090909090909091,0.82832811521603,1.0,0.416243654822335,0.0047306175159632395,0.0,0.16486081013502252,0.6782047210754737,0.732248779877362,0.75,1,0.25569972837840177
0.204656862745098,0.9768518518518519,0.09090909090909091,0.9456731371321226,1.0,0.24053104256149943,0.0014642758452676665,0.9473684210526316,0.17652942157026175,0.21033132211284006,0.35528302673841405,0.75,0,0.16144530371446864
0.5318627450980392,0.7453703703703703,0.5454545454545454,0.9136881653099561,1.0,0.3752440452948067,0.586933407182806,0.0,0.11318553092182031,0.1648142267386472,0.9066700037542235,0.75,1,0.18765073268628574
0.6250000000000001,0.9607487922705313,0.7272727272727273,1.0,1.0,0.09039437719640764,0.04331365035842572,0.0,0.07634605767627937,0.6951413147030803,0.6242105702248362,0.75,1,0.17440874725350775
0.6789215686274511,0.64170692431562,0.4545454545454546,0.8103944896681277,0.0,0.006052323311206566,0.22210816827126958,0.010526315789473686,0.24320720120020006,0.7851169683497407,0.3825303466399699,0.75,0,0.27173232297019084
0.8823529411764707,0.8560789049919485,0.7272727272727273,0.9169943644333124,1.0,0.18586489652479501,0.015574871862672545,0.0,0.11985330888481414,0.7395998729755477,0.6829266257873441,0.75,1,0.10328195013927097
0.7536764705882354,0.4565217391304348,0.7272727272727273,0.8210144020037571,1.0,0.11636079656384227,0.4422093454658329,0.0,0.06484414069011502,0.09389224092304436,0.2824928044049555,0.75,0,0.41031124028996047
0.7647058823529412,0.4756441223832528,0.09090909090909091,0.7857733249843457,1.0,0.24638812963686058,0.525626686594366,0.0,0.13318886481080183,0.21138985921456543,0.4741584282317607,0.75,1,0.2148423037663708
0.8174019607843138,0.855072463768116,0.7272727272727273,0.9282154038822792,1.0,0.416243654822335,0.0557760001173873,2.5283797729618164e-05,0.034172362060343395,0.47073144913729226,0.6329120260292829,0.75,1,0.04351135793498381
0.8186274509803922,0.8379629629629629,0.8181818181818182,0.9625297432686286,1.0,0.3401015228426396,0.16582658871466893,0.0,0.13152192032005333,0.6072827352598709,0.7497518041129603,0.75,1,0.10732859293091818
0.37745098039215697,0.08061594202898552,0.8181818181818182,0.5153412648716343,0.0,0.0814135103475205,0.9879396615235856,0.07729618163054695,0.021670278379729957,0.3542923679474965,0.38463271180077585,1.0,0,0.33355305271535096
0.8235294117647061,0.5501207729468599,0.4545454545454546,0.8431058234189104,0.0,0.06891839125341664,0.2693444939705595,0.005118679050567596,0.10885147524587431,0.4897851169683497,0.6575147040420473,0.75,1,0.18585145585716512
0.5759803921568628,0.5360305958132046,0.36363636363636365,0.7572448340638698,1.0,0.6798125732135886,0.2753746632087667,0.0,0.10885147524587431,0.17963374616280298,1.0,0.5,1,0.17092610854483486
0.7340686274509804,0.5340177133655395,0.8181818181818182,0.8054351909830932,0.0,0.8125732135884421,0.7507530048207686,4.6852425180598555e-06,0.08618103017169527,0.40933629723721815,0.7994660659909063,0.75,0,0.25734848878047095
0.9031862745098039,0.45752818035426734,0.09090909090909091,0.8604383218534752,1.0,0.4084342053885201,0.09919321863247922,0.0,0.10601766961160193,0.16693130094209802,0.3410586910274058,0.75,1,0.23101676441584057
0.6372549019607844,0.5460950080515299,0.36363636363636365,0.8653475266123982,0.0,0.04607575165950801,0.2723595785896631,7.574819401444789e-06,0.11485247541256875,0.08224833280406478,0.13625328494556366,0.75,1,0.28324942475043685
0.832107843137255,0.5752818035426731,0.4545454545454546,0.8444583594239199,0.0,0.6973838344396721,0.4020082172111182,0.0,0.11985330888481414,0.7628876892135069,0.7658866224502563,0.75,1,0.18734969983218286
0.7585784313725491,0.841988727858293,0.5454545454545454,0.9371070757670632,1.0,0.5255759468957439,0.08713288015606481,0.0,0.2848808134689115,0.8136974700963269,0.9335252158678513,0.75,1,0.05847130672479714
0.6458333333333335,0.33272946859903385,0.7272727272727273,0.7190482154038822,1.0,0.9726669269816479,0.061102649611137004,0.0,0.20653442240373399,0.29395575314914785,0.7341342343469737,0.75,1,0.03704434179339458
0.6850490196078431,0.6819645732689211,0.6363636363636364,0.8944270507201002,0.0,0.09683717297930494,0.3939679915601752,1.259029927760578e-06,0.12318719786631106,0.5628241769874034,0.12742668835773563,0.75,1,0.15807857995536412
0.6593137254901962,0.4595410628019324,0.5454545454545454,0.7561427676894177,0.0,0.17610308473252634,0.050147842161727234,1.0319917440660475e-06,0.6249374895815969,0.518365618714936,0.824677762482793,0.75,1,0.18894482794415324
0.19730392156862744,0.9838969404186796,0.09090909090909091,0.9298184095178459,1.0,0.24443576727840688,0.0012733204860577716,0.09391124871001032,0.11485247541256875,0.2346776754525246,0.16369248738163766,0.75,0,0.33514472067957307
0.5428921568627451,0.5823268921095007,0.9090909090909092,0.8324358171571696,0.0,0.6075751659508006,0.7567831740589758,1.4344685242518061e-06,0.16152692115352563,0.33418016301471365,0.13627831310223992,0.75,1,0.1594159270600855
0.5857843137254902,0.4716183574879227,0.0,0.8415028177833437,1.0,0.13022256930886372,0.4482395147040401,3.7461300309597526e-06,0.5599266544424071,0.6845559436858263,0.08785717265256743,0.5,0,0.15327935502845974
0.21691176470588233,0.04941626409017714,0.36363636363636365,0.3448465873512837,0.0,0.008980866848887152,0.7115569047724216,0.651186790505676,0.6449408234705785,0.12564835397480684,0.5663454719893213,0.75,0,0.08361447033788344
0.8014705882352943,0.7020933977455717,0.6363636363636364,0.8669254852849092,0.0,0.15657946114798907,0.4934657839905942,0.0,0.12485414235705951,0.7766486715359373,0.182346806824344,0.75,0,0.1952630577325652
0.38970588235294124,0.9738325281803543,0.09090909090909091,0.9533876017532874,1.0,0.15072237407262787,0.00042708673629602586,0.9411764705882354,0.5715952658776463,0.3659362760664761,0.49258749426438075,0.75,0,0.08075465822390615
0.6348039215686275,0.7534219001610306,0.7272727272727273,0.8435566687539136,1.0,0.10308473252635691,0.018288448019865792,0.00041382868937048505,0.01450241706951158,0.8761511590981264,0.33592791890877227,0.75,0,0.2900019030812616
0.9375000000000001,0.4796698872785829,1.0,0.8313087038196618,0.0,0.4787192502928544,0.2090428015884873,0.0,0.09518253042173695,0.7237218164496665,0.7164560130146416,0.75,1,0.09922146675663052
0.27941176470588236,0.980877616747182,0.7272727272727273,0.8536505948653725,0.0,0.08766106989457242,7.914597125146966e-05,0.953560371517028,0.11651941990331723,0.43791679898380437,0.6466441413256581,0.75,0,0.20234425009947926
0.7500000000000001,0.42330917874396135,0.09090909090909091,0.8131747025673137,0.0,0.15657946114798907,0.8361804023620374,1.0732714138286895e-05,0.052175362560426736,0.7163120567375886,0.12393108914195128,0.75,1,0.20206743827961454
0.5796568627450981,0.889291465378422,0.4545454545454546,0.9639073262366937,0.0,0.10913705583756345,0.00044919735683611895,0.0,0.3782297049508252,0.38075579549063193,0.5494014099194928,0.75,1,0.26423418279960553
0.868872549019608,0.6306360708534622,0.2727272727272727,0.9166687539135879,0.0,0.23272159312768448,0.24220873239862695,0.0,0.12485414235705951,0.7290145019582936,0.2822925791515454,0.75,1,0.22589401567446932
0.06617647058823528,0.9778582930756844,0.7272727272727273,0.9022917971195992,0.0,0.1526747364310816,2.0251318358312558e-05,0.9143446852425181,0.34655775962660446,0.31195088387847997,0.28031535477412084,0.5,0,0.31173682116226364
0.2977941176470589,0.9838969404186796,0.09090909090909091,0.932874139010645,0.0,0.18391253416634126,0.0003175386618019281,0.9349845201238391,0.11985330888481414,0.3225362548957341,0.3101405748133317,0.75,0,0.23311707409906407
0.8529411764705882,0.7624798711755234,1.0,0.8986599874765184,0.0,0.17415072237407264,0.3939679915601752,0.0,0.16486081013502252,0.8232243040118555,0.3320652400617361,0.75,0,0.24062213456514592
0.9730392156862747,0.750402576489533,0.18181818181818182,0.96721352536005,1.0,0.3127684498242874,0.17487184257197974,0.0,0.28988164694115687,0.3659362760664761,0.5080048387769573,0.75,1,0.22917250566599195
0.16789215686274514,0.0,0.09090909090909091,0.0,0.0,0.049394767668879354,1.0,0.9256965944272447,0.10185030838473082,0.24526304646977876,0.09391398656822247,0.75,0,0.5546097818376845
0.4068627450980393,0.9778582930756844,0.09090909090909091,0.9127363807138384,1.0,0.10503709488481064,2.6482493237793343e-05,0.7461300309597524,0.07001166861143525,0.3849899438975336,0.397997747465899,0.5,0,0.18922336983789206
0.5955882352941178,0.535024154589372,0.9090909090909092,0.8014276768941766,0.0,0.8887153455681375,0.6422099585330387,0.0,0.08551425237539591,0.5511802688684239,0.9167229800191883,0.75,1,0.11985432777979621
0.9166666666666669,0.6235909822866345,0.18181818181818182,0.8833061991233563,1.0,0.7364310816087467,0.1537662502382545,0.0,0.09768294715785965,0.637980311209908,0.20706628290159756,0.75,1,0.14975865469455546
0.5526960784313726,0.8530595813204509,0.4545454545454546,0.9720976831559173,0.0,0.08902772354549005,0.1859271528420263,0.0004747162022703819,0.1931988664777463,0.34053138562506613,0.7662537020815083,0.75,1,0.17578588605733464
0.644607843137255,0.3810386473429952,0.0,0.8391734502191609,0.0,0.1023037875829754,0.6562803534221889,0.0,0.13818969828304717,0.1383507991955118,0.20636549451466224,0.75,0,0.4296690368678743
0.2855392156862745,0.9979871175523349,0.7272727272727273,0.9137132122730118,1.0,0.20148379539242484,3.402020478555236e-05,0.6006191950464397,0.28988164694115687,0.1097702974489256,0.3991657281107912,0.75,0,0.29473711527482227
0.5367647058823529,0.7906602254428342,0.18181818181818182,0.8668002504696305,1.0,0.08043732916829366,0.19195732208023353,0.00018163054695562435,0.07384564094015668,0.3098338096750291,0.665648854961832,0.75,1,0.2454525008217851
0.832107843137255,0.6547906602254429,0.0,0.8787226048841578,0.0,0.5431472081218275,0.3366813837972067,0.0,0.12818803133855644,0.6390388483116334,0.6658323947774578,0.75,1,0.21087870452068302
0.7683823529411765,0.45148953301127215,0.18181818181818182,0.7799624295554164,1.0,0.5158141351034753,0.048740802672812215,1.6099071207430343e-06,0.5065844307384565,0.49825341378215304,0.7497100905184999,0.75,1,0.15546270825764263
0.2867647058823529,0.005626006441223833,0.7272727272727273,0.22970569818409514,1.0,0.022842639593908635,0.9829145204917462,0.9226006191950465,0.126521086847808,0.03397904096538584,0.3425103241146289,0.75,0,0.2402899603813083
0.1433823529411765,0.9959742351046699,0.7272727272727273,0.8639949906073888,0.0,0.09644670050761422,2.5577967852062264e-05,0.824561403508772,0.07951325220870144,0.29924843865777495,0.6901097067534308,0.75,0,0.27662151173855126
0.573529411764706,0.6749194847020934,0.18181818181818182,0.7972448340638698,1.0,0.08102303787582976,0.04240912497269464,7.058823529411764e-05,0.4265710951825304,0.5871705303270879,0.3492595836983272,0.75,0,0.20845660109686687
0.8529411764705882,0.5571658615136876,0.4545454545454546,0.8452097683155917,0.0,0.31862553689964856,0.6874362278195929,0.0,0.14319053175529256,0.5882290674288133,0.7499770575230467,0.75,1,0.1899673016037785
0.23039215686274514,0.06129227053140096,0.5454545454545454,0.4606637445209769,1.0,0.0447090980085904,0.9969849153808964,0.8988648090815274,0.0833472245374229,0.003281465015348782,0.5781087056271639,0.5,0,0.21094790747564923
0.4607843137254902,0.8842592592592593,0.4545454545454546,0.9209768315591734,0.0,0.15657946114798907,0.00016075426160854064,0.001475748194014448,0.32822137022837145,0.5511802688684239,0.7334334459600385,0.75,1,0.1905140049480113
0.009803921568627472,0.9949677938808373,0.7272727272727273,0.9167188478396994,1.0,0.2873877391643889,1.231159552800639e-05,0.8575851393188855,0.5065844307384565,0.03863660421297767,0.2859216618696032,0.0,0,0.2889846196432588
0.4914215686274511,0.8057568438003221,0.7272727272727273,0.9601001878522228,0.0,0.6075751659508006,0.326631101733528,0.0,0.5582597099516586,0.4008680004234148,0.3115087807116339,1.0,1,0.1971073164824138
0.8100490196078433,0.500805152979066,0.09090909090909091,0.8129242329367564,0.0,0.7657165169855525,0.6060289431037954,0.0,0.11035172528754793,0.4834338943579972,0.5827889709256244,0.75,1,0.1615525682946662
0.6740196078431374,0.8802334943639292,0.4545454545454546,0.8020037570444584,0.0,0.014642717688402966,0.19195732208023353,0.0006769865841073271,0.5265877646274378,0.938604848099926,0.4046468944228925,0.75,0,0.18668189131675922
0.7622549019607844,0.46859903381642515,0.0,0.808891671884784,1.0,0.5958609918000782,0.809044640790105,0.0,0.17152858809801635,0.7205462051444903,0.18874567221457472,0.75,1,0.17655403885745918
0.8174019607843138,0.6557971014492754,0.7272727272727273,0.8738384470882905,1.0,0.42405310425614995,0.6361797892948315,0.0,0.12152025337556259,0.6400973854133587,0.7087139698827849,0.75,1,0.16490545146277746
0.7892156862745099,0.8560789049919485,0.09090909090909091,0.8848591108328114,1.0,0.4260054666146037,0.02763521033908697,0.0,0.09084847474579096,0.617868106277125,0.5245067367455052,0.75,1,0.04982093735402501
0.8835784313725491,0.6880032206119163,1.0,0.8545522855353788,1.0,0.3791487700117142,0.5999987738655882,1.1145510835913315e-06,0.1298549758293049,0.7586535408066053,0.7910148917532223,0.75,1,0.20439265756647806
0.7598039215686275,0.7745571658615137,0.9090909090909092,0.8404508453350031,0.0,0.2522452167122218,0.20703274517575154,0.0,0.06951158526421071,0.5564729543770509,0.6658240520585657,0.75,1,0.25482777114582794
0.8737745098039217,0.6578099838969405,0.09090909090909091,0.7783844708829055,1.0,0.061889886762983216,0.04683124908071327,0.019298245614035092,0.2265377562927155,0.9481316820154547,0.5084136320026695,0.75,0,0.23952872787668034
0.5012254901960785,0.48772141706924316,0.09090909090909091,0.8167313713212273,1.0,0.3401015228426396,0.3105506504316421,0.0,0.10651775295882647,0.3595850534561236,0.9161473324156344,0.75,0,0.18883756336395568
0.3970588235294118,0.9718196457326892,0.5454545454545454,0.9009893550407013,1.0,0.09937524404529482,1.432165194074213e-05,0.3488132094943241,0.023503917319553258,0.5289509897321901,0.365361031160055,0.75,0,0.2994048545872909
0.3872549019607844,0.980877616747182,0.9090909090909092,0.9323731997495304,0.0,0.09820382663022256,0.0005346247543773879,0.4871001031991744,0.11985330888481414,0.3214777177940087,0.9334501313978225,0.75,0,0.35846611650317467
0.8541666666666666,0.8067632850241546,0.8181818181818182,0.9120851596743894,1.0,0.19562670831706366,0.4572847685613509,1.455108359133127e-06,0.3982330388398067,0.561765639885678,0.716706294581404,0.75,1,0.17540353973114653
0.7475490196078433,0.4031803542673108,0.5454545454545454,0.8252974326862867,0.0,0.06969933619679813,0.5115562917052158,0.025490196078431376,0.11818636439406567,0.31300942098020534,0.6494139239978309,0.75,1,0.16594349578727013
0.8615196078431372,0.8158212560386473,0.36363636363636365,0.9155416405760801,0.0,0.5119094103865678,0.24522381701773058,0.0,0.15819303217202868,0.7089022970255107,0.783306219496934,0.75,1,0.24317399352952374
0.8075980392156864,0.8429951690821256,0.8181818181818182,0.926011271133375,1.0,0.13510347520499805,0.031052306240737723,0.0,0.09751625270878479,0.4855509685614481,0.633112251282693,0.75,1,0.011759312122627624
0.6004901960784315,0.5742753623188406,0.0,0.7606261740763932,1.0,0.028309254197579077,0.2723595785896631,0.0,0.04600766794465744,0.9121414205567905,0.1783423017561423,0.75,0,0.26665628622342175
0.7622549019607844,0.90841384863124,1.0,0.8828052598622417,0.0,0.29910191331511127,0.09356506067681916,0.0007626418988648091,0.5365894315719286,0.5141314703080343,0.7576857297793351,0.75,1,0.17630144807183268
0.6997549019607844,0.34078099838969406,0.09090909090909091,0.7514339386349405,0.0,0.0273330730183522,0.5015060096415371,0.931888544891641,0.5432572095349225,0.13517518789033556,0.3782755600050056,0.5,0,0.1285514091451705
0.8578431372549019,0.7091384863123993,0.18181818181818182,0.9138134001252347,1.0,0.4865286997266693,0.16783664512740468,0.0,0.07767961326887814,0.6845559436858263,0.7173319984983104,0.75,1,0.19633224338679262
0.795343137254902,0.7071256038647342,0.36363636363636365,0.8622917971195992,0.0,0.10718469347910972,0.2783897478278703,0.0,0.07884647441240207,0.20398009950248758,0.35771075793601126,0.75,0,0.2705731734745074
0.16299019607843138,0.20088566827697263,0.09090909090909091,0.6155040701314966,1.0,0.02538071065989849,0.9889446897299534,0.933952528379773,0.0931821970328388,0.08965809251614269,0.09419763901055356,0.75,0,0.8106157332918116
0.2549019607843138,0.9919484702093397,0.7272727272727273,0.8759173450219161,0.0,0.11460367044123387,8.085451920229504e-05,0.8596491228070176,0.007667944657442902,0.43791679898380437,0.32432319692987943,0.75,0,0.2504403038009723
0.8382352941176471,0.6739130434782609,0.8181818181818182,0.7562429555416406,1.0,0.06657555642327215,0.04371566164097287,0.0,0.04650775129188198,0.9502487562189055,0.410653652025195,0.75,0,0.3854552689399837
0.7965686274509804,0.552133655394525,0.4545454545454546,0.731947401377583,0.0,0.06774697383834441,0.06160516371432093,0.10732714138286895,0.0,0.9883560918810205,0.5492679264172193,0.75,0,0.7175135378280653
0.5355392156862745,0.7997181964573269,0.09090909090909091,0.9815904821540388,0.0,0.33619679812573217,0.3939679915601752,0.0,0.13818969828304717,0.6549169048375145,0.4230676177366204,0.5,1,0.24485562533520183
0.6384803921568628,0.8138083735909823,0.9090909090909092,0.711108328115216,1.0,0.0078094494338149245,0.06512276243660847,0.030237358101135193,0.11151858643107186,0.9809463321689426,0.43344596003837654,0.75,0,0.18921817961626963
0.8186274509803922,0.5652173913043478,0.18181818181818182,0.9087288666249217,1.0,0.03748535728231161,0.23115342212858042,1.888544891640867e-05,0.2498749791631939,0.37969725838890656,0.3990572727651942,0.75,0,0.3062490268334458
0.8186274509803922,0.748389694041868,0.9090909090909092,0.842128991859737,1.0,0.0068332682545880555,0.03054979213755379,0.37254901960784315,0.06201033505584265,0.9841219434741187,0.5704918032786885,0.75,0,1.0
0.9534313725490197,0.6115136876006441,0.8181818181818182,0.9148653725735754,1.0,0.474814525575947,0.21406794262032663,3.4674922600619193e-05,0.34655775962660446,0.4315655763734519,0.6660409627497601,0.75,1,0.2083181951869345
0.8002450980392158,0.8389694041867954,0.0,0.8275015654351909,0.0,0.04060913705583757,0.3979881043856467,0.024355005159958722,0.1698616436072679,0.8422779718429131,0.40708296833938173,0.75,0,0.2516634660299995
0.8578431372549019,0.6135265700483091,0.9090909090909092,0.8720100187852222,0.0,0.09996095275283093,0.11256009377717188,0.0,0.0935155859309885,0.2293849899438975,0.31550494306094357,0.75,1,0.28849500873687306
0.8602941176470588,0.55414653784219,0.6363636363636364,0.7152410770194113,1.0,0.04080437329168294,0.04240912497269464,0.003673890608875129,0.35989331555259213,0.9047316608447126,0.4976765527885537,0.75,0,0.23959793083164654
0.7769607843137256,0.8148148148148149,0.6363636363636364,0.934627426424546,1.0,0.2951971885982038,0.20301263235028008,0.0,0.1548591431905318,0.7480681697893511,0.6656655403996163,0.75,1,0.20375080015916686
0.9448529411764707,0.9426328502415459,0.5454545454545454,0.9893299937382591,1.0,0.48067161265130814,0.11758523480901123,0.0,0.052008668111351894,0.8147560071980523,0.6905852417302798,0.75,1,0.4829397415269632
0.7169117647058824,0.6839774557165862,0.6363636363636364,0.8652974326862868,1.0,0.14096056228035925,0.326631101733528,4.334365325077399e-06,0.09951658609768295,0.10659468614374935,0.35761898802819836,0.75,0,0.26437258870953795
0.7512254901960785,0.6648550724637682,0.18181818181818182,0.8463619286161552,1.0,0.0447090980085904,0.014871352118215038,0.0006873065015479877,0.5999333222203701,0.40192653752514024,0.5993492679264172,0.75,1,0.03944049410909847
0.9080882352941176,0.6749194847020934,0.4545454545454546,0.9241828428303067,0.0,0.632955876610699,0.28844002989154893,0.0,0.3098849808301384,0.6856144807875516,0.7668126642472781,0.75,1,0.14836594522586116
0.1482843137254902,0.9849033816425121,0.9090909090909092,0.876117720726362,0.0,0.17610308473252634,5.994993250984339e-05,0.7523219814241486,0.3098849808301384,0.2537313432835821,0.3267592708463687,0.75,0,0.5157419421809312
0.8112745098039217,0.5370370370370371,0.8181818181818182,0.7884032561051972,1.0,0.10054666146036703,0.000810002482922184,0.0025283797729618164,0.07884647441240207,0.44003387318725523,0.3326742585408584,0.75,1,0.12421411394266535
0.8443627450980392,0.8138083735909823,0.5454545454545454,0.8641452723857233,0.0,0.013861772745021476,0.20401766055664797,0.005758513931888545,0.17652942157026175,0.7734730602307611,0.38804488382763935,0.75,0,0.2933461358800021
0.19607843137254902,0.9376006441223833,0.9090909090909092,0.9413149655604257,0.0,0.13354158531823504,0.00032356883104013535,0.8802889576883385,0.6999499916652776,0.15317031861966762,0.439352605013974,0.5,0,0.2571997024272936
0.1286764705882353,0.36493558776167473,0.6363636363636364,0.7112586098935504,1.0,0.015228426395939083,0.931658081966985,0.9360165118679051,0.22820470078346394,0.09600931512649517,0.25875776915696813,0.5,0,0.18419058493797685
0.6703431372549021,0.6175523349436393,0.9090909090909092,0.712210394489668,1.0,0.00819992190550567,0.4602998531804545,0.013622291021671827,0.5265877646274378,0.8634487138774214,0.45094064155508273,0.75,0,0.2580059168526496
0.9129901960784313,0.4746376811594203,0.09090909090909091,0.8521227301189731,1.0,0.48457633736821565,0.30150539657433123,1.1042311661506708e-06,0.13318886481080183,0.5532973430718747,0.6495307220623199,0.75,1,0.11985432777979621
0.30514705882352944,0.07306763285024155,0.0,0.549355040701315,1.0,0.02538071065989849,0.9969849153808964,0.9422084623323015,0.12152025337556259,0.0,0.0672506569891127,0.5,0,0.2837044341793395
0.6262254901960785,0.6749194847020934,0.5454545454545454,0.8827551659361302,0.0,0.1130417805544709,0.4311540351957863,0.0,0.11985330888481414,0.793585265163544,0.7492011846660824,0.75,1,0.19879240843584023
0.7046568627450981,0.9738325281803543,0.7272727272727273,0.9763556668753913,1.0,0.4513861772745022,0.24220873239862695,0.0,0.4265710951825304,0.7734730602307611,0.33203186918616767,0.75,1,0.20230618847424786
0.18382352941176475,0.10225442834138486,0.18181818181818182,0.5625297432686287,1.0,0.011323701679031635,0.9396983076179279,0.8937048503611972,0.5482580430071679,0.14893617021276595,0.27077962708046543,0.75,0,0.4027560076815281
0.1544117647058824,0.9557165861513688,0.6363636363636364,0.8423293675641828,0.0,0.14681764935572042,1.894478169003433e-05,0.6057791537667698,0.1698616436072679,0.03927172647401292,0.7033746297918491,0.75,0,0.2230359336343662
0.14093137254901963,0.9184782608695653,0.09090909090909091,0.8332874139010644,1.0,0.08590394377196409,9.603044511844986e-05,0.7265221878224974,1.0,0.4728485233407431,0.3407666958661827,0.5,0,0.26215809415062025
0.7230392156862746,0.8309178743961353,0.4545454545454546,0.8278021289918597,1.0,0.035923467395548615,0.1859271528420263,0.44272445820433437,0.08468078013002169,0.7755901344342119,0.41630167271513774,0.75,0,0.4258473036798671
0.5661764705882353,0.37097423510466987,0.8181818181818182,0.8089167188478397,0.0,0.031042561499414305,0.4020082172111182,0.0003787409700722394,0.10368394732455409,0.1711654493489997,0.5655946272890333,0.75,0,0.4140810712617429
0.9166666666666669,0.6014492753623188,0.5454545454545454,0.8617407639323732,1.0,0.22295978133541583,0.4070333582429575,0.0,0.14319053175529256,0.5331851381390919,0.12376423476410958,0.75,1,0.18457812148578745
0.8553921568627451,0.750402576489533,0.09090909090909091,0.8494176581089543,0.0,0.9355720421710271,0.6422099585330387,0.0,0.5115852642107018,0.5765851593098338,0.577833395903725,0.75,1,0.21772114669296383
0.6629901960784315,0.5853462157809983,0.8181818181818182,0.8090670006261741,0.0,1.0000000000000002,0.6532652688030853,0.0,0.15819303217202868,0.3500582195405949,0.4933216535268843,1.0,1,0.22877977889655887
0.6948529411764706,0.8117954911433173,0.8181818181818182,0.8531997495303694,1.0,0.004685669660288959,0.11457015018990763,0.0005376676986584108,0.2498749791631939,0.9999999999999999,0.5487006215325574,0.75,0,0.2380996868566288
0.8014705882352943,0.9053945249597424,1.0,0.9255604257983719,0.0,0.030456852791878174,0.0030924215395836136,0.00024045407636738908,0.16152692115352563,0.24949719487668043,0.332340549785175,0.75,1,0.1882977803152195
0.8786764705882354,0.8480273752012882,0.09090909090909091,0.9858484658735128,0.0,0.5411948457633737,0.280399804240606,0.0,0.03150525087514586,0.6326876257012808,0.6827764568472865,0.75,1,0.19685299562291309
0.9620098039215687,0.552133655394525,0.7272727272727273,0.7957670632435817,1.0,0.6153846153846155,0.03436889932175169,0.0,0.11485247541256875,0.7597120779083307,0.5400659074792475,0.75,1,0.019233231258974748
0.6936274509803921,0.8077697262479872,0.09090909090909091,0.8811271133375078,1.0,0.4396720031237798,0.20401766055664797,7.84313725490196e-06,0.32322053675612605,0.2621996400973854,0.5968798231343595,0.75,1,0.12494420511755855
0.14705882352941177,0.9859098228663447,0.09090909090909091,0.8603631809643081,0.0,0.22881686841077703,5.532680276055118e-05,0.0001558307533539732,0.2298716452742124,0.1383507991955118,0.6385183331247652,0.75,0,0.08499852943720698
0.6348039215686275,0.46557971014492755,0.5454545454545454,0.8151534126487163,0.0,0.279578289730574,0.7758787099799653,2.043343653250774e-06,0.4232372062010335,0.3934582407113369,0.3575188754014933,0.75,0,0.3098181692358264
0.5870098039215687,0.517914653784219,0.5454545454545454,0.8692298058860363,0.0,0.03377586880124952,0.23215845033494828,3.735810113519092e-05,0.07434572428738125,0.04318831375039696,0.5067617736620365,0.75,0,0.3605889171467622
0.1017156862745098,0.06360708534621579,0.6363636363636364,0.4370945522855354,1.0,0.03689964857477548,0.9969849153808964,1.0,0.06134355725954327,0.003281465015348782,0.0404788720644057,0.5,0,0.1261985086763205
0.9546568627450981,0.5833333333333333,0.6363636363636364,0.9243331246086411,1.0,0.0755564232721593,0.06994689782717424,4.932920536635707e-05,0.10885147524587431,0.8560389541653435,0.5497184332373921,0.75,0,0.2982560855348524
0.7928921568627452,0.7000805152979066,0.5454545454545454,0.8654978083907325,0.0,0.08317063647012887,0.29447019912975614,2.3942208462332305e-05,0.09618269711618606,0.08859955541441726,0.4988278479956616,0.75,0,0.29403989550353804
0.08088235294117649,0.9869162640901772,0.7272727272727273,0.8464621164683782,0.0,0.10542756735650136,0.0,0.9484004127966977,0.10468411401900317,0.29713136445432414,0.9968714804154672,0.75,0,0.18446739675784157
0.8406862745098039,0.6688808373590983,0.6363636363636364,0.8440826549780839,1.0,0.09371339320577901,0.23617856316041974,0.0,0.04467411235205869,0.38816555520270984,0.6241521711925917,0.5,1,0.014065500596875474
0.8308823529411766,0.6497584541062802,0.36363636363636365,0.9210018785222291,0.0,0.4787192502928544,0.3979881043856467,0.0,0.13985664277379567,0.6591510532444163,0.7492345555416511,0.75,1,0.17784640404145258
0.12254901960784317,0.04659822866344606,0.4545454545454546,0.3653350031308704,1.0,0.02616165560327998,0.9909547461426892,0.9752321981424149,0.05800966827804635,0.0695458875833598,0.6229341342343468,1.0,0,0.2187730316084497
0.9583333333333334,0.5783011272141707,0.18181818181818182,0.8917720726361928,1.0,0.7286216321749318,0.10652992453896466,0.0,0.05967661276879481,0.8602731025722451,0.6660075918741919,0.75,1,0.15510112281794436
0.39950980392156865,0.4565217391304348,1.0,0.6563807138384471,0.0,0.050175712612260844,0.9778893794599068,0.36429308565531476,0.25487581263543924,0.9936487773896475,0.7034413715429859,0.5,0,0.23092507050051042
0.25,0.004951690821256039,0.36363636363636365,0.28435817157169696,0.0,0.015033190160093711,0.9959798871745286,0.9824561403508772,0.10618436406067679,0.06467661691542288,0.0,0.75,0,0.28508849327866304
0.8541666666666666,0.7051127214170693,0.18181818181818182,0.9427175954915465,1.0,0.164388910581804,0.06200717499686808,0.0,0.025504250708451415,0.5829363819201863,0.6413214866725065,0.75,1,0.23745782944931748
0.6973039215686274,0.6115136876006441,0.8181818181818182,0.8856856606136505,1.0,0.39672003123779775,0.0015346278197134171,1.8059855521155832e-06,0.5599266544424071,0.5734095480046575,0.9171317732449005,0.75,1,0.2193681770211588
0.761029411764706,0.7222222222222222,0.5454545454545454,0.9367814652473387,1.0,0.53924248340492,0.2964802555424919,0.0,0.5065844307384565,0.768180374722134,0.6663329579109831,0.75,1,0.20842372969325795
0.3210784313725491,0.05152979066022545,0.36363636363636365,0.47243581715716965,1.0,0.057204217102694264,1.0,0.8947368421052632,0.07951325220870144,0.006774637451042662,0.09272932048554616,0.75,0,0.27207833774502177
0.4056372549019609,0.9214975845410629,0.36363636363636365,0.8454351909830933,1.0,0.13295587661069894,0.4070333582429575,0.00034055727554179566,0.1548591431905318,0.8115803958928761,0.9365869937012472,0.75,0,0.29888237227729625
0.0,0.9506843800322061,0.7272727272727273,0.9110331872260489,1.0,0.1311987504880906,2.1557855026590786e-05,0.3797729618163055,0.020336722787131195,0.31618503228538164,0.003837650690359906,0.75,0,0.3387346239684435
0.6384803921568628,0.6407004830917875,0.2727272727272727,0.8622417031934877,0.0,0.059547051932838733,0.019092470584960084,0.0,0.031838639773295555,0.7650047634169578,0.8139740541442455,0.75,0,0.2945225861144271
0.1666666666666667,0.9899355877616747,0.7272727272727273,0.8494677520350657,0.0,0.2698164779383054,0.00038487555162857536,0.7708978328173375,0.661610268378063,0.28231184503016826,0.21697743294539684,0.75,0,0.29163855296621166
0.4325980392156863,0.9446457326892109,0.18181818181818182,0.9683907326236694,0.0,0.05798516204607577,0.0005255795005200771,3.6119711042311664e-06,0.461576929488248,0.49507780247697686,0.7997497184332372,0.75,1,0.26792616044705114
0.7303921568627452,0.7171900161030595,0.4545454545454546,0.9517845961177207,0.0,0.07497071456462318,0.0010823651268478764,4.716202270381837e-05,0.2482080346724454,0.7745315973324866,0.6664998122888248,0.75,1,0.18377709728205394
0.8566176470588235,0.7101449275362318,0.9090909090909092,0.9320225422667501,1.0,0.14486528699726667,0.3306512145589995,0.0,0.09984997499583263,0.7279559648565682,0.6656655403996163,0.75,1,0.21904465320669192
0.7598039215686275,0.7604669887278583,0.5454545454545454,0.8803757044458359,0.0,0.4552909019914096,0.3195959042889529,0.0,0.20486747791298554,0.5321266010373664,0.5909147791265172,0.75,1,0.2261275756474802
0.7401960784313726,0.4253220611916264,0.0,0.8137257357545398,1.0,0.06969933619679813,0.13165562969816139,1.764705882352941e-05,0.0658443073845641,0.21138985921456543,0.4571643098485796,0.75,0,0.3306932406013737
0.8186274509803922,0.5682367149758454,0.6363636363636364,0.8929492798998121,1.0,0.7579070675517376,0.12261037584085058,0.0,0.11318553092182031,0.6602095903461417,0.11269344679431026,0.75,1,0.029153474853376243
0.27818627450980393,0.9838969404186796,0.5454545454545454,0.887313713212273,1.0,0.09996095275283093,4.939713634298076e-05,0.8699690402476781,0.0728454742457076,0.3521752937440457,0.3069953697910148,0.75,0,0.28642584038338437
0.6838235294117647,0.5702495974235104,0.9090909090909092,0.8830056355666875,0.0,0.018937914877001173,0.3939679915601752,0.0001805985552115583,0.144857476246041,0.34264845982851694,0.40770867225628826,0.75,0,0.3030570405356309
0.698529411764706,0.7212157809983897,0.4545454545454546,0.9052222917971195,1.0,0.12143693869582195,0.7286423842806754,0.0,0.13818969828304717,0.41674605694929606,0.6991198431568848,0.75,1,0.1242366049030294
0.922794117647059,0.5591787439613527,0.09090909090909091,0.8986599874765184,0.0,0.35181569699336196,0.5447222225153555,1.909184726522188e-06,0.10051675279213203,0.531068063935641,0.7827055437367039,0.75,1,0.21967786024463248
0.7046568627450981,0.8500402576489533,0.5454545454545454,0.9936881653099561,1.0,0.01620460757516596,0.41607861210026825,3.3126934984520128e-06,0.6216036006001001,0.7491267068910765,0.5035331414507989,0.75,0,0.2610975588657636
0.29166666666666663,0.0012379227053140097,0.09090909090909091,0.13780839073262374,1.0,0.014057008980866863,0.9979899435872643,0.9514963880288959,0.1731955325887648,0.05260929395575316,0.07668627205606304,0.5,0,0.30587187072888017
0.07475490196078433,0.05615942028985508,0.7272727272727273,0.42236693800876646,1.0,0.05857087075361187,0.9658290409834924,0.9184726522187824,0.10168361393565596,0.010691224727426701,0.6043715846994535,0.0,0,0.48529264199581323
0.9068627450980392,0.5662238325281803,0.5454545454545454,0.8359924859110832,0.0,0.39476766887934406,0.6442200149457745,0.0,0.059509918319719954,0.617868106277125,0.165369373878947,0.75,1,0.16227573917406274
1.0,0.8510466988727858,0.8181818181818182,0.9666374452097682,1.0,0.25419757907067553,0.5155764045306873,0.0,0.13152192032005333,0.6527998306340638,0.4993534392858632,0.75,1,0.1847666995380703
0.886029411764706,0.6175523349436393,0.5454545454545454,0.8521477770820287,0.0,0.46114798906677085,0.010449228010196415,0.0,0.052175362560426736,0.6940827776013548,0.5413423434697366,0.75,1,0.09231155170325775
0.39460784313725494,0.965780998389694,1.0,0.9817908578584846,0.0,0.10796563842249121,0.009052238803345077,0.0,0.05317552925487583,0.561765639885678,0.8664831268510409,0.75,1,0.2277192436117022
0.9301470588235295,0.6477455716586151,0.6363636363636364,0.8990607388854102,1.0,0.07614213197969544,0.19597743490570502,3.292053663570692e-05,0.028504750791798636,0.9851804805758441,0.4227339089809369,0.75,0,0.2356775834328126
0.7230392156862746,0.6719001610305959,0.6363636363636364,0.8483656856606137,1.0,0.27176884029675913,0.08612785194969694,0.0,0.11318553092182031,0.7734730602307611,0.7587953113919825,0.75,1,0.22940433556512863
0.8112745098039217,0.6286231884057971,0.0,0.871559173450219,1.0,0.4826239750097619,0.3065305376061706,0.0,0.07484580763460578,0.6453900709219859,0.7913819713844741,0.75,1,0.12752720541167106
0.2512254901960784,0.02646940418679549,0.9090909090909092,0.3722229179711961,1.0,0.025771183131589236,0.9959798871745286,0.9164086687306502,0.0905150858476413,0.0019053667831057525,0.06069327993993234,0.75,0,0.43389733741630776
0.40808823529411775,0.1535829307568438,0.4545454545454546,0.6286036318096431,1.0,0.03162827020695041,0.8814066716485915,0.26934984520123845,0.11985330888481414,0.1976288768921351,0.5194677345346848,0.75,0,0.38843099600352937
0.8811274509803922,0.8158212560386473,1.0,0.9248841577958672,1.0,0.8028114017961735,0.5226116019752624,0.0,0.2448741456909485,0.6665608129564942,0.7247153047178074,0.75,1,0.11876957146070138
0.09191176470588233,0.12741545893719805,0.6363636363636364,0.6027301189730745,1.0,0.061889886762983216,0.9728642384280676,0.9762641898864809,0.11318553092182031,0.2759606224198158,0.6398865390230677,0.75,0,0.1604141796854726
0.07475490196078433,0.02948872785829308,0.8181818181818182,0.16643706950532255,0.0,0.025185474424053104,0.9889446897299534,0.9164086687306502,0.10718453075512586,0.1129459087541018,0.6324031201768654,0.5,0,0.127212331966575
0.9448529411764707,0.6547906602254429,0.09090909090909091,0.903243581715717,1.0,0.5470519328387349,0.4683400788313975,0.0,0.29488248041340226,0.5458875833597968,0.6074166770950653,0.75,1,0.16744346983616198
0.3921568627450981,0.9557165861513688,0.18181818181818182,0.9313963681903569,0.0,0.12143693869582195,0.00024115651811797012,0.004633642930856554,0.8683113852308719,0.14999470731449138,0.6663746715054435,0.75,1,0.240186155948859
0.644607843137255,0.9033816425120773,0.4545454545454546,0.8184846587351283,0.0,0.014837953924248352,0.079494665787669,0.0014654282765737875,0.5349224870811802,0.9650682756430612,0.4048471196763024,0.75,0,0.18419058493797685
0.7132352941176471,0.5531400966183575,0.9090909090909092,0.670657482780213,0.0,0.016595080046856704,0.07557505578283431,0.001238390092879257,0.19486581096849476,0.979887795067217,0.36234930964001166,0.75,0,0.3537378246051106
0.3884803921568628,0.4494766505636071,0.18181818181818182,0.7921603005635567,1.0,0.019133151112846546,0.9386932794115601,0.9917440660474717,0.06101016836139357,0.0007409759712077857,0.26944479205773164,0.75,0,0.4121451185965641
0.7181372549019608,0.9496779388083736,0.09090909090909091,0.973049467752035,1.0,0.4552909019914096,0.09446958606255025,6.842105263157895e-05,0.08234705784297384,0.5839949190219117,0.6655153714595587,0.75,1,0.21343575370668327
0.814950980392157,0.4927536231884058,0.0,0.7886286787726988,1.0,0.5821944552909021,0.418088668513004,0.0,0.25487581263543924,0.6496242193288875,0.8077337004129646,0.75,1,0.031712254113250626
0.7806372549019609,0.660829307568438,0.6363636363636364,0.9447714464621164,1.0,0.021280749707145642,0.7889440766627476,0.0,0.13152192032005333,0.63057055149783,0.2493221540900179,0.75,1,0.1894725004757703
0.8174019607843138,0.46859903381642515,0.18181818181818182,0.8260738885410144,0.0,0.0,0.6030138584846918,3.0753353973168216e-05,0.04867477912985499,0.6273949401926537,0.40426312935385633,0.75,0,0.2962526599885815
0.8210784313725491,0.7212157809983897,0.6363636363636364,0.901665623043206,1.0,0.40257711831315895,0.10954500915806828,0.0,0.04150691781963661,0.8253413782153064,0.699153214032453,0.75,1,0.2658275808377018
0.6250000000000001,0.855072463768116,0.4545454545454546,0.8879398872886662,0.0,0.021866458414681773,0.004197952566588269,1.1145510835913315e-06,0.18819803300550092,0.8740340848946755,0.7077795853668709,0.75,1,0.19514714278299683
0.5404411764705882,1.0,0.9090909090909092,0.9356042579837194,0.0,0.36548223350253806,4.648255454451393e-05,0.6202270381836945,0.25654275712618774,0.01217317666984228,0.29050181454135904,0.75,0,0.23267763533502883
0.7745098039215688,0.6014492753623188,0.4545454545454546,0.8685284909204758,0.0,0.12319406481843029,0.5447222225153555,0.0,0.08501416902817137,0.3754631099820049,0.46499812288824927,0.75,0,0.4765038667151088
0.5551470588235294,0.3810386473429952,0.8181818181818182,0.8072135253600501,0.0,0.02948067161265131,0.418088668513004,0.00023323013415892674,0.10451741956992831,0.12458981687308139,0.5631001543402994,0.75,0,0.41379041885088497
0.493872549019608,0.5944041867954911,1.0,0.9261615529117094,1.0,0.05915657946114799,0.15678133485735812,0.027038183694530447,0.08134689114852477,0.05663173494230973,0.5712676761356525,1.0,1,0.14073112921921765
0.8995098039215687,0.6306360708534622,0.09090909090909091,0.893149655604258,0.0,0.4904334244435768,0.09919321863247922,0.0,0.06767794632438741,0.19551180268868423,0.6661994744087099,0.75,1,0.19682877458867498
0.8897058823529412,0.6034621578099839,0.0,0.8538008766437069,0.0,0.6017180788754394,0.12763551687268992,0.0,0.13652275379229872,0.7279559648565682,0.6906019271680639,0.75,1,0.0
0.11642156862745098,0.9838969404186796,0.5454545454545454,0.91759549154665,1.0,0.22491214369386958,2.8040286957663537e-06,0.8875128998968008,0.05367561260210035,0.07378003599026145,0.4580653234889249,0.75,0,0.3610733378315254
0.04411764705882354,0.05303945249597424,0.8181818181818182,0.5702442078897934,0.0,0.04724716907458024,0.9809044640790106,0.6553147574819402,0.14319053175529256,0.11400444585582724,0.9714679013890628,0.5,0,0.223727963184028
0.8970588235294118,0.6256038647342995,0.2727272727272727,0.76721352536005,1.0,0.05603279968762203,0.019293476226233657,0.0001578947368421053,0.022337056176029338,0.8962633640309093,0.5399824802903266,0.75,0,0.30628708845867725
0.45220588235294124,0.3508454106280193,0.8181818181818182,0.7702442078897933,0.0,0.0331901600937134,0.9557787589198138,0.00010257997936016513,0.14152358726454406,0.6146924949719488,0.25439452717640676,0.75,0,0.2746388470787703
0.5441176470588235,0.731280193236715,0.9090909090909092,0.9122855353788353,0.0,0.1341272940257712,0.04080107984250605,4.1795665634674924e-06,0.2682113685614269,0.3998094633216894,0.42027280690777113,1.0,1,0.19556063043891975
0.7561274509803922,0.6678743961352658,1.0,0.8620162805259862,1.0,0.33033971105037097,0.13065060149179353,0.0,0.544924154025671,0.5247168413252885,0.14462937471321902,0.75,1,0.1730246881541842
